observation_date,B228RC1A027NBEA
1929-01-01,0.066
1930-01-01,0.066
1931-01-01,0.065
1932-01-01,0.063
1933-01-01,0.059
1934-01-01,0.062
1935-01-01,0.060
1936-01-01,0.070
1937-01-01,0.443
1938-01-01,0.418
1939-01-01,0.448
1940-01-01,0.494
1941-01-01,0.618
1942-01-01,0.884
1943-01-01,1.450
1944-01-01,1.810
1945-01-01,1.877
1946-01-01,1.552
1947-01-01,1.633
1948-01-01,1.612
1949-01-01,1.541
1950-01-01,2.109
1951-01-01,2.540
1952-01-01,2.780
1953-01-01,2.896
1954-01-01,3.462
1955-01-01,3.917
1956-01-01,4.319
1957-01-01,5.045
1958-01-01,5.035
1959-01-01,5.979
1960-01-01,7.194
1961-01-01,7.395
1962-01-01,7.935
1963-01-01,9.264
1964-01-01,9.755
1965-01-01,10.323
1966-01-01,14.490
1967-01-01,16.848
1968-01-01,18.745
1969-01-01,21.373
1970-01-01,22.520
1971-01-01,24.730
1972-01-01,28.047
1973-01-01,35.713
1974-01-01,40.487
1975-01-01,42.586
1976-01-01,46.936
1977-01-01,51.990
1978-01-01,59.732
1979-01-01,70.162
1980-01-01,77.248
1981-01-01,92.091
1982-01-01,99.125
1983-01-01,106.071
1984-01-01,118.432
1985-01-01,133.636
1986-01-01,145.569
1987-01-01,156.853
1988-01-01,176.849
1989-01-01,191.558
1990-01-01,203.657
1991-01-01,215.050
1992-01-01,226.553
1993-01-01,237.746
1994-01-01,254.041
1995-01-01,268.680
1996-01-01,280.273
1997-01-01,297.648
1998-01-01,317.414
1999-01-01,337.946
2000-01-01,360.620
2001-01-01,375.210
2002-01-01,385.453
2003-01-01,396.739
2004-01-01,420.488
2005-01-01,445.285
2006-01-01,475.232
2007-01-01,499.741
2008-01-01,516.952
2009-01-01,506.174
2010-01-01,514.747
2011-01-01,423.909
2012-01-01,437.233
2013-01-01,577.976
2014-01-01,607.132
2015-01-01,635.387
2016-01-01,657.891
2017-01-01,694.274
2018-01-01,736.893
2019-01-01,774.141
2020-01-01,790.767
2021-01-01,851.799
2022-01-01,939.729
2023-01-01,984.882
2024-01-01,1046.522
2025-01-01,1092.021
