observation_date,gas_price,wages_weekly,dpi_pc_saar,pers_tax,pers_income,tax_rate,take_home_weekly,DE_take_home,DE_wages,DE_per_capita
1976-01-01,0.605,177.87,5918.0,162.0,1447.2,0.1388,153.1747,-0.1191,-0.1311,-0.3465
1976-02-01,0.6,178.96,5959.0,162.7,1457.5,0.1385,154.1673,-0.106,-0.1185,-0.3365
1976-03-01,0.594,178.7,5982.0,162.8,1463.6,0.1382,154.0121,-0.0979,-0.1109,-0.3272
1976-04-01,0.592,179.28,5999.0,167.1,1472.5,0.1403,154.1211,-0.0942,-0.105,-0.323
1976-05-01,0.6,181.36,6023.0,169.6,1481.2,0.1413,155.7296,-0.097,-0.1067,-0.3294
1976-06-01,0.616,181.58,6050.0,171.3,1489.9,0.1418,155.8354,-0.1198,-0.1289,-0.3439
1976-07-01,0.623,182.67,6111.0,173.8,1506.7,0.1421,156.704,-0.1249,-0.1335,-0.3447
1976-08-01,0.628,183.96,6151.0,176.3,1519.3,0.1428,157.6877,-0.1264,-0.1343,-0.3457
1976-09-01,0.63,185.55,6181.0,178.3,1529.2,0.1434,158.9505,-0.1222,-0.1296,-0.3446
1976-10-01,0.629,185.24,6197.0,181.1,1536.7,0.1446,158.4599,-0.1235,-0.1297,-0.3418
1976-11-01,0.629,187.04,6276.0,183.2,1557.2,0.1444,160.0365,-0.1148,-0.1212,-0.3334
1976-12-01,0.626,187.76,6330.0,183.8,1570.7,0.1438,160.7671,-0.1065,-0.1136,-0.3245
1977-01-01,0.627,187.26,6349.0,180.0,1572.2,0.1414,160.7828,-0.1078,-0.1174,-0.3235
1977-02-01,0.637,190.8,6338.0,198.9,1589.6,0.1517,161.8545,-0.116,-0.1148,-0.3353
1977-03-01,0.643,190.99,6454.0,187.4,1604.7,0.1436,163.5608,-0.115,-0.1222,-0.3294
1977-04-01,0.651,192.96,6496.0,193.3,1620.9,0.146,164.7853,-0.1193,-0.124,-0.3334
1977-05-01,0.659,194.4,6525.0,198.1,1633.2,0.148,165.6303,-0.1255,-0.1282,-0.3385
1977-06-01,0.665,195.12,6583.0,195.7,1644.9,0.1457,166.683,-0.1279,-0.1329,-0.3387
1977-07-01,0.667,196.01,6654.0,196.5,1662.6,0.145,167.5926,-0.1258,-0.1315,-0.3335
1977-08-01,0.667,196.73,6705.0,198.0,1676.9,0.1449,168.2298,-0.1225,-0.1283,-0.3284
1977-09-01,0.666,197.26,6760.0,201.2,1693.7,0.1456,168.5457,-0.1195,-0.1247,-0.3219
1977-10-01,0.665,199.8,6834.0,205.9,1716.3,0.1467,170.4885,-0.108,-0.1121,-0.3135
1977-11-01,0.664,200.32,6922.0,208.6,1739.8,0.1466,170.9455,-0.1043,-0.1084,-0.3036
1977-12-01,0.665,200.84,6979.0,210.9,1756.0,0.1468,171.3496,-0.1035,-0.1074,-0.2989
1978-01-01,0.648,199.8,6984.0,212.7,1760.1,0.1481,170.2002,-0.0862,-0.0888,-0.28
1978-02-01,0.647,202.56,7053.0,212.4,1776.2,0.1469,172.7995,-0.0708,-0.0748,-0.2717
1978-03-01,0.647,205.13,7152.0,210.8,1797.9,0.1447,175.4556,-0.0565,-0.063,-0.2615
1978-04-01,0.649,207.28,7225.0,217.3,1821.9,0.1466,176.8883,-0.0517,-0.0561,-0.2563
1978-05-01,0.655,208.36,7266.0,222.0,1837.0,0.1482,177.4913,-0.0572,-0.0599,-0.2589
1978-06-01,0.663,210.37,7307.0,230.0,1855.8,0.1511,178.5744,-0.0629,-0.0623,-0.2637
1978-07-01,0.674,211.81,7377.0,233.4,1876.2,0.1516,179.7014,-0.0724,-0.0713,-0.2688
1978-08-01,0.682,211.94,7438.0,236.1,1894.2,0.1518,179.7617,-0.0829,-0.0816,-0.2714
1978-09-01,0.688,213.13,7474.0,239.4,1907.5,0.1527,180.5932,-0.0867,-0.0845,-0.2743
1978-10-01,0.69,215.52,7547.0,243.8,1929.7,0.1535,182.4437,-0.0801,-0.0769,-0.2693
1978-11-01,0.695,215.99,7590.0,247.0,1944.0,0.1542,182.6916,-0.0854,-0.0816,-0.2704
1978-12-01,0.705,217.77,7657.0,250.8,1964.2,0.1548,184.0647,-0.0916,-0.0871,-0.2744
1979-01-01,0.716,218.23,7745.0,251.0,1985.6,0.1549,184.4305,-0.1038,-0.0992,-0.2774
1979-02-01,0.73,220.63,7811.0,253.2,2004.1,0.1548,186.4735,-0.1113,-0.1068,-0.2852
1979-03-01,0.755,222.68,7887.0,256.6,2025.9,0.1551,188.1375,-0.133,-0.1284,-0.3021
1979-04-01,0.802,219.21,7897.0,257.5,2030.6,0.1553,185.1739,-0.1967,-0.1922,-0.3422
1979-05-01,0.844,223.21,7935.0,261.4,2044.6,0.1563,188.3285,-0.2237,-0.2184,-0.3719
1979-06-01,0.901,224.99,7972.0,267.1,2060.4,0.158,189.4416,-0.2685,-0.262,-0.4089
1979-07-01,0.949,226.42,8083.0,271.7,2091.8,0.1582,190.5902,-0.3013,-0.2949,-0.431
1979-08-01,0.988,227.84,8148.0,274.5,2111.2,0.1584,191.7562,-0.3247,-0.3185,-0.449
1979-09-01,1.02,229.62,8204.0,278.3,2129.7,0.159,193.1089,-0.3413,-0.3347,-0.4627
1979-10-01,1.028,229.98,8258.0,281.6,2147.1,0.1595,193.3053,-0.3458,-0.3388,-0.4633
1979-11-01,1.041,231.76,8331.0,285.1,2168.9,0.1598,194.7352,-0.3492,-0.3421,-0.4654
1979-12-01,1.065,233.54,8411.0,288.9,2192.7,0.1601,196.1616,-0.3592,-0.3519,-0.4724
1980-01-01,1.131,232.58,8551.0,281.5,2218.8,0.155,196.5409,-0.3954,-0.3923,-0.4949
1980-02-01,1.207,234.7,8591.0,284.6,2232.6,0.1555,198.1951,-0.4287,-0.4253,-0.5245
1980-03-01,1.252,236.16,8635.0,288.4,2248.1,0.1563,199.2426,-0.4463,-0.4425,-0.5392
1980-04-01,1.264,236.54,8663.0,289.4,2257.2,0.1563,199.5802,-0.4506,-0.447,-0.5421
1980-05-01,1.266,237.28,8689.0,292.0,2267.7,0.1568,200.0776,-0.4501,-0.4461,-0.5415
1980-06-01,1.269,238.7,8753.0,295.1,2287.5,0.157,201.2193,-0.4483,-0.4441,-0.5392
1980-07-01,1.271,239.41,8889.0,297.2,2322.4,0.156,202.0575,-0.4469,-0.4433,-0.5328
1980-08-01,1.267,242.54,8963.0,302.5,2346.7,0.1569,204.4801,-0.4385,-0.4343,-0.5274
1980-09-01,1.257,243.95,9074.0,306.9,2378.6,0.157,205.6403,-0.4308,-0.4265,-0.5177
1980-10-01,1.25,247.1,9210.0,313.8,2418.3,0.1578,208.1198,-0.4207,-0.4158,-0.5078
1980-11-01,1.25,250.28,9290.0,319.2,2443.9,0.1586,210.5922,-0.4138,-0.4083,-0.5035
1980-12-01,1.258,251.69,9386.0,323.5,2471.7,0.1588,211.7126,-0.4145,-0.4087,-0.5016
1981-01-01,1.298,254.17,9433.0,327.2,2487.4,0.1612,213.1938,-0.4285,-0.4213,-0.5145
1981-02-01,1.382,254.5,9492.0,330.5,2505.5,0.1616,213.3804,-0.4628,-0.4558,-0.5412
1981-03-01,1.417,257.34,9577.0,334.9,2531.0,0.162,215.6598,-0.4705,-0.4633,-0.5485
1981-04-01,1.412,258.75,9583.0,338.1,2537.4,0.1629,216.6097,-0.4663,-0.4584,-0.5466
1981-05-01,1.4,260.16,9636.0,343.2,2556.4,0.1638,217.5376,-0.4594,-0.4508,-0.5402
1981-06-01,1.391,260.83,9719.0,346.7,2580.7,0.1639,218.0746,-0.4545,-0.4458,-0.5332
1981-07-01,1.382,262.24,9923.0,352.3,2635.3,0.1633,219.4203,-0.4476,-0.4392,-0.5203
1981-08-01,1.376,264.7,10004.0,357.9,2661.8,0.164,221.281,-0.4405,-0.4315,-0.5143
1981-09-01,1.376,264.6,10036.0,360.4,2674.0,0.1643,221.1152,-0.4409,-0.4317,-0.5127
1981-10-01,1.371,265.65,10084.0,349.2,2675.8,0.1602,223.0899,-0.4339,-0.4274,-0.5086
1981-11-01,1.369,267.81,10135.0,353.1,2693.3,0.1608,224.7486,-0.4288,-0.4219,-0.5054
1981-12-01,1.365,266.64,10145.0,355.7,2699.9,0.1614,223.6012,-0.4301,-0.4227,-0.5035
1982-01-01,1.358,263.25,10211.0,348.7,2709.9,0.1586,221.5046,-0.4325,-0.4271,-0.4977
1982-02-01,1.334,270.97,10263.0,354.7,2729.5,0.1598,227.667,-0.4062,-0.3997,-0.486
1982-03-01,1.284,270.48,10281.0,354.1,2734.7,0.1594,227.3772,-0.3839,-0.3774,-0.4651
1982-04-01,1.225,270.4,10381.0,349.6,2755.1,0.1569,227.9868,-0.3525,-0.3477,-0.4339
1982-05-01,1.237,272.83,10391.0,361.6,2771.4,0.1603,229.0914,-0.3557,-0.3482,-0.4388
1982-06-01,1.309,273.18,10402.0,368.0,2782.1,0.1621,228.9108,-0.3916,-0.3832,-0.4691
1982-07-01,1.331,274.92,10550.0,348.2,2798.8,0.1545,232.4566,-0.3924,-0.3896,-0.4705
1982-08-01,1.323,275.52,10590.0,350.8,2813.0,0.1547,232.8851,-0.3876,-0.3845,-0.4652
1982-09-01,1.307,276.31,10607.0,351.4,2819.6,0.1547,233.5739,-0.3782,-0.3752,-0.4578
1982-10-01,1.295,275.42,10646.0,354.1,2833.7,0.155,232.7331,-0.3747,-0.3715,-0.4508
1982-11-01,1.283,276.11,10713.0,356.2,2853.2,0.1549,233.3476,-0.3672,-0.364,-0.4422
1982-12-01,1.26,277.95,10774.0,359.4,2872.4,0.1551,234.8276,-0.3516,-0.3481,-0.4288
1983-01-01,1.23,281.29,10855.0,349.1,2882.6,0.1513,238.7316,-0.3247,-0.3241,-0.4104
1983-02-01,1.187,279.11,10871.0,350.7,2889.6,0.1515,236.8112,-0.3059,-0.3051,-0.3882
1983-03-01,1.152,281.07,10930.0,352.9,2907.3,0.1516,238.4694,-0.2798,-0.2789,-0.3662
1983-04-01,1.215,282.92,10997.0,351.2,2922.9,0.1504,240.3748,-0.3117,-0.3118,-0.3953
1983-05-01,1.259,285.13,11042.0,362.1,2946.1,0.153,241.4943,-0.3326,-0.3307,-0.4141
1983-06-01,1.277,285.83,11083.0,365.4,2961.2,0.1535,241.9526,-0.3408,-0.3385,-0.4202
1983-07-01,1.288,286.88,11276.0,343.1,2986.3,0.1453,245.1974,-0.3377,-0.3418,-0.4151
1983-08-01,1.285,286.18,11293.0,345.3,2994.7,0.1457,244.4852,-0.338,-0.3418,-0.4129
1983-09-01,1.274,289.45,11404.0,347.9,3025.6,0.1454,247.3677,-0.3245,-0.3286,-0.402
1983-10-01,1.255,292.51,11515.0,353.6,3059.6,0.146,249.8175,-0.3074,-0.3112,-0.387
1983-11-01,1.241,291.68,11621.0,355.2,3088.1,0.1454,249.2631,-0.3012,-0.3054,-0.3744
1983-12-01,1.231,292.38,11723.0,358.2,3116.8,0.1453,249.8886,-0.2937,-0.2981,-0.3638
1984-01-01,1.216,294.14,11818.0,357.9,3140.7,0.1448,251.5619,-0.2802,-0.2851,-0.3507
1984-02-01,1.209,295.81,11959.0,361.8,3179.4,0.1446,253.036,-0.2718,-0.2769,-0.3392
1984-03-01,1.21,295.19,12067.0,363.7,3208.7,0.1442,252.633,-0.2736,-0.279,-0.3338
1984-04-01,1.227,297.44,12187.0,366.3,3241.3,0.1438,254.6556,-0.2779,-0.2836,-0.3365
1984-05-01,1.236,296.6,12211.0,369.6,3252.3,0.1445,253.7554,-0.2857,-0.2908,-0.34
1984-06-01,1.229,297.65,12304.0,375.5,3282.4,0.1452,254.4367,-0.2797,-0.2843,-0.3312
1984-07-01,1.212,298.7,12353.0,380.6,3301.4,0.146,255.0787,-0.2678,-0.2717,-0.3191
1984-08-01,1.196,297.85,12465.0,383.4,3333.2,0.1458,254.4275,-0.2599,-0.264,-0.3037
1984-09-01,1.203,300.11,12559.0,388.4,3363.3,0.1462,256.2256,-0.259,-0.2627,-0.3026
1984-10-01,1.209,298.4,12532.0,390.5,3361.4,0.1469,254.5669,-0.2674,-0.2706,-0.3075
1984-11-01,1.207,299.95,12595.0,395.8,3383.8,0.1477,255.6584,-0.2631,-0.2656,-0.3029
1984-12-01,1.193,302.21,12700.0,401.5,3416.4,0.1482,257.4236,-0.2493,-0.2514,-0.2888
1985-01-01,1.148,300.49,12752.0,400.6,3429.7,0.1491,255.6925,-0.2251,-0.2264,-0.2579
1985-02-01,1.131,300.67,12687.0,433.1,3448.3,0.1576,253.2979,-0.2208,-0.2143,-0.2506
1985-03-01,1.159,302.23,12671.0,463.1,3476.5,0.1649,252.396,-0.2423,-0.2293,-0.2696
1985-04-01,1.205,303.28,12893.0,406.7,3475.1,0.1493,257.9995,-0.2551,-0.2562,-0.2852
1985-05-01,1.231,303.63,13231.0,339.7,3490.9,0.1303,264.0667,-0.2537,-0.2711,-0.282
1985-06-01,1.241,305.03,12979.0,419.1,3512.8,0.1515,258.82,-0.2744,-0.2736,-0.3013
1985-07-01,1.242,304.15,13028.0,418.3,3526.6,0.1508,258.2765,-0.2765,-0.2763,-0.2992
1985-08-01,1.229,304.85,13052.0,421.5,3538.1,0.1513,258.7186,-0.2676,-0.2669,-0.2905
1985-09-01,1.216,306.24,13119.0,424.7,3560.4,0.1515,259.8532,-0.2565,-0.2557,-0.2792
1985-10-01,1.204,305.89,13197.0,426.6,3583.4,0.1512,259.6256,-0.2498,-0.2492,-0.2677
1985-11-01,1.207,306.59,13247.0,428.1,3599.4,0.1511,260.2529,-0.2498,-0.2493,-0.2668
1985-12-01,1.208,309.56,13364.0,432.1,3633.5,0.1511,262.7786,-0.2432,-0.2427,-0.2609
1986-01-01,1.194,308.87,13443.0,425.4,3647.9,0.1498,262.6058,-0.2348,-0.2355,-0.2478
1986-02-01,1.12,309.02,13506.0,426.5,3665.9,0.1495,262.8144,-0.1836,-0.1846,-0.1944
1986-03-01,0.981,309.37,13605.0,427.0,3692.4,0.1488,263.3204,-0.0661,-0.068,-0.0735
1986-04-01,0.888,307.25,13618.0,426.1,3697.0,0.1485,261.6305,0.0251,0.0225,0.0245
1986-05-01,0.923,308.83,13644.0,428.1,3707.8,0.1487,262.9153,-0.0089,-0.0112,-0.0125
1986-06-01,0.955,308.63,13671.0,434.0,3722.7,0.1498,262.4116,-0.044,-0.0449,-0.0437
1986-07-01,0.89,308.29,13731.0,435.4,3741.3,0.1496,262.1834,0.0249,0.0237,0.0307
1986-08-01,0.843,310.22,13753.0,439.9,3753.9,0.1503,263.5835,0.0879,0.0875,0.0899
1986-09-01,0.86,309.32,13793.0,443.1,3769.6,0.1507,262.7114,0.0628,0.063,0.0715
1986-10-01,0.831,310.02,13792.0,448.3,3777.3,0.1518,262.9666,0.101,0.1025,0.1088
1986-11-01,0.821,312.65,13808.0,454.7,3790.1,0.153,264.81,0.1222,0.1254,0.1236
1986-12-01,0.823,311.75,13833.0,465.1,3808.6,0.1551,263.4032,0.1135,0.1195,0.1229
1987-01-01,0.862,312.99,13933.0,450.5,3820.2,0.1516,265.5278,0.0717,0.0731,0.0798
1987-02-01,0.905,314.94,14039.0,447.3,3845.0,0.1501,267.6646,0.029,0.0285,0.0363
1987-03-01,0.912,315.64,14079.0,454.4,3863.8,0.1513,267.8735,0.0219,0.0228,0.0313
1987-04-01,0.934,315.08,13585.0,583.3,3875.4,0.183,257.4256,-0.0411,-0.003,-0.0283
1987-05-01,0.941,317.03,14161.0,474.4,3908.6,0.155,267.904,-0.0095,-0.0043,0.0054
1987-06-01,0.958,316.12,14183.0,477.4,3919.7,0.1554,267.0068,-0.0303,-0.0248,-0.0109
1987-07-01,0.971,316.46,14243.0,482.3,3942.1,0.1559,267.1263,-0.0429,-0.0368,-0.0201
1987-08-01,0.995,319.46,14349.0,490.1,3978.6,0.1567,269.4011,-0.058,-0.0511,-0.0366
1987-09-01,0.99,318.89,14388.0,494.6,3995.6,0.1573,268.7358,-0.0556,-0.0481,-0.0291
1987-10-01,0.976,320.86,14518.0,499.0,4034.7,0.1572,270.4296,-0.036,-0.0284,-0.0063
1987-11-01,0.976,322.6,14597.0,504.4,4062.1,0.1576,271.7425,-0.0313,-0.0232,-0.0008
1987-12-01,0.961,321.09,14753.0,517.5,4115.7,0.1592,269.987,-0.0225,-0.0126,0.0256
1988-01-01,0.933,321.43,14842.0,505.9,4128.2,0.1574,270.8483,0.01,0.0181,0.0627
1988-02-01,0.913,322.36,14950.0,502.1,4153.0,0.1558,272.1417,0.0371,0.0435,0.0939
1988-03-01,0.904,321.2,15060.0,498.2,4178.3,0.1542,271.6761,0.0456,0.0501,0.1129
1988-04-01,0.93,323.86,15181.0,497.4,4209.5,0.1532,274.26,0.026,0.0292,0.0905
1988-05-01,0.955,325.59,15239.0,496.8,4225.9,0.1526,275.9128,0.0052,0.0076,0.066
1988-06-01,0.955,325.59,15351.0,499.2,4258.9,0.1522,276.0214,0.0056,0.0076,0.0739
1988-07-01,0.967,326.97,15479.0,504.4,4298.8,0.1524,277.1531,-0.0028,-0.0007,0.0694
1988-08-01,0.987,326.37,15556.0,506.2,4323.0,0.1521,276.7199,-0.0246,-0.0228,0.0529
1988-09-01,0.974,328.1,15649.0,509.4,4352.5,0.1521,278.2051,-0.0062,-0.0045,0.0734
1988-10-01,0.957,331.73,15772.0,514.6,4391.1,0.1522,281.2336,0.0224,0.0244,0.101
1988-11-01,0.949,331.47,15801.0,515.9,4402.5,0.1522,281.0157,0.0303,0.0322,0.1123
1988-12-01,0.93,331.2,15915.0,521.1,4438.6,0.1524,280.7174,0.0502,0.0525,0.1433
1989-01-01,0.918,334.86,16051.0,548.1,4501.5,0.1567,282.3819,0.0702,0.078,0.1681
1989-02-01,0.926,333.96,16139.0,552.1,4529.6,0.1568,281.5819,0.058,0.0658,0.1644
1989-03-01,0.94,334.65,16267.0,558.4,4570.2,0.1571,282.0687,0.044,0.0521,0.1561
1989-04-01,1.065,337.35,16277.0,565.1,4582.5,0.1582,283.9771,-0.0723,-0.0639,0.021
1989-05-01,1.119,335.06,16247.0,566.1,4579.4,0.1585,281.9523,-0.1233,-0.1151,-0.03
1989-06-01,1.114,336.09,16314.0,568.9,4602.2,0.1585,282.8203,-0.1167,-0.1084,-0.0217
1989-07-01,1.092,339.14,16395.0,571.4,4628.5,0.1583,285.4398,-0.0906,-0.0822,0.003
1989-08-01,1.057,339.14,16425.0,570.8,4639.1,0.1579,285.5737,-0.06,-0.0518,0.0381
1989-09-01,1.029,339.53,16495.0,572.6,4662.3,0.1577,285.9759,-0.0331,-0.0249,0.0709
1989-10-01,1.027,343.23,16626.0,576.9,4703.0,0.1576,289.1412,-0.0205,-0.0123,0.0815
1989-11-01,0.999,341.59,16666.0,578.7,4718.1,0.1576,287.7633,0.0022,0.0105,0.1145
1989-12-01,0.98,342.31,16703.0,583.8,4735.7,0.1582,288.1657,0.0231,0.0323,0.1386
1990-01-01,1.042,345.69,16919.0,575.4,4783.8,0.1553,292.0064,-0.025,-0.0196,0.0847
1990-02-01,1.037,346.41,17019.0,583.5,4819.8,0.156,292.3544,-0.0191,-0.0128,0.0964
1990-03-01,1.023,347.78,17074.0,588.7,4842.7,0.1565,293.3432,-0.0023,0.0047,0.115
1990-04-01,1.044,346.1,17202.0,592.9,4883.8,0.1564,291.9804,-0.027,-0.0203,0.1008
1990-05-01,1.061,348.49,17204.0,593.5,4889.5,0.1564,294.0029,-0.0359,-0.0293,0.0833
1990-06-01,1.088,350.88,17288.0,597.4,4919.3,0.1564,295.9999,-0.0534,-0.0469,0.0615
1990-07-01,1.084,349.52,17374.0,599.8,4948.2,0.1562,294.9279,-0.0534,-0.0471,0.0708
1990-08-01,1.19,351.23,17360.0,599.5,4949.9,0.1561,296.4053,-0.1334,-0.1277,-0.0254
1990-09-01,1.294,351.23,17440.0,602.8,4978.6,0.1561,296.4172,-0.203,-0.1978,-0.0996
1990-10-01,1.378,351.23,17379.0,601.0,4966.5,0.156,296.4399,-0.2515,-0.2467,-0.1575
1990-11-01,1.377,352.94,17389.0,600.5,4973.5,0.1557,297.975,-0.2471,-0.2425,-0.1564
1990-12-01,1.354,353.63,17489.0,601.0,5004.1,0.1551,298.7743,-0.2323,-0.2281,-0.1371
1991-01-01,1.247,353.62,17492.0,582.3,4990.4,0.1525,299.696,-0.1638,-0.1619,-0.0629
1991-02-01,1.143,354.3,17511.0,579.9,4997.1,0.1519,300.4887,-0.0853,-0.0839,0.0235
1991-03-01,1.082,354.98,17527.0,580.1,5005.8,0.1517,301.1205,-0.0317,-0.0304,0.0822
1991-04-01,1.104,355.64,17610.0,582.9,5034.3,0.1516,301.7145,-0.0492,-0.048,0.0656
1991-05-01,1.156,358.05,17666.0,585.2,5055.9,0.1516,303.7727,-0.0857,-0.0846,0.0209
1991-06-01,1.16,358.39,17767.0,589.6,5090.8,0.1517,304.0368,-0.0881,-0.0869,0.0232
1991-07-01,1.127,359.41,17738.0,587.8,5087.0,0.1514,304.9943,-0.0584,-0.0575,0.0515
1991-08-01,1.14,360.1,17797.0,588.7,5108.4,0.1511,305.6862,-0.0671,-0.0665,0.0429
1991-09-01,1.143,360.78,17883.0,594.2,5141.5,0.1514,306.15,-0.0681,-0.0672,0.0452
1991-10-01,1.122,361.12,17921.0,595.5,5157.7,0.1513,306.4769,-0.0496,-0.0488,0.0671
1991-11-01,1.134,361.8,17967.0,598.4,5177.0,0.1514,307.009,-0.0581,-0.0571,0.0585
1991-12-01,1.123,362.82,18154.0,602.1,5233.0,0.1509,308.059,-0.0456,-0.0452,0.08
1992-01-01,1.073,362.82,18336.0,583.0,5264.8,0.1464,309.692,0.0042,-0.0007,0.1416
1992-02-01,1.054,363.51,18444.0,589.3,5303.2,0.1468,310.1462,0.0238,0.0192,0.169
1992-03-01,1.058,364.19,18485.0,594.4,5323.8,0.1473,310.5418,0.0212,0.0173,0.1672
1992-04-01,1.079,367.7,18567.0,601.8,5357.4,0.148,313.2944,0.0102,0.0071,0.1496
1992-05-01,1.136,368.38,18656.0,608.3,5392.4,0.1484,313.7054,-0.0392,-0.0417,0.0971
1992-06-01,1.179,368.33,18745.0,611.4,5424.0,0.1483,313.6931,-0.0743,-0.0767,0.0622
1992-07-01,1.174,368.68,18769.0,612.3,5437.1,0.1482,314.0287,-0.0694,-0.0719,0.068
1992-08-01,1.158,369.7,18836.0,616.9,5465.1,0.1485,314.8035,-0.0542,-0.0565,0.0867
1992-09-01,1.158,371.47,18756.0,619.4,5452.8,0.1492,316.0565,-0.0504,-0.052,0.0821
1992-10-01,1.154,371.07,18679.0,625.8,5444.9,0.1505,315.2388,-0.0496,-0.0497,0.0813
1992-11-01,1.159,371.41,18724.0,631.5,5467.4,0.151,315.3246,-0.0534,-0.0529,0.0793
1992-12-01,1.136,372.78,19406.0,659.6,5676.8,0.1517,316.241,-0.0315,-0.0302,0.1412
1993-01-01,1.117,374.9,19010.0,614.3,5534.1,0.1469,319.8336,-0.0038,-0.0081,0.137
1993-02-01,1.108,375.59,19112.0,617.3,5568.0,0.1468,320.4717,0.0063,0.0018,0.1524
1993-03-01,1.098,374.76,19074.0,619.5,5565.0,0.1472,319.5998,0.0127,0.0087,0.1605
1993-04-01,1.112,378.06,19204.0,637.4,5621.8,0.1492,321.667,0.0064,0.0048,0.1537
1993-05-01,1.129,377.64,19216.0,645.3,5637.9,0.1502,320.9191,-0.011,-0.0115,0.1371
1993-06-01,1.13,378.33,19165.0,647.8,5632.9,0.1507,321.3075,-0.0107,-0.0105,0.133
1993-07-01,1.109,380.12,19222.0,654.6,5660.1,0.1513,322.591,0.0121,0.013,0.1579
1993-08-01,1.097,379.7,19259.0,660.7,5682.0,0.1519,322.0058,0.0213,0.0229,0.1729
1993-09-01,1.085,381.5,19205.0,662.3,5675.1,0.1524,323.3774,0.037,0.0391,0.1825
1993-10-01,1.127,382.87,19151.0,665.0,5669.1,0.1529,324.3183,0.0012,0.004,0.1352
1993-11-01,1.113,383.56,19222.0,667.0,5694.4,0.1528,324.9653,0.0158,0.0185,0.1538
1993-12-01,1.07,385.71,19863.0,693.9,5893.8,0.1533,326.5643,0.0619,0.0653,0.2402
1994-01-01,1.043,385.28,19479.0,675.1,5779.0,0.153,326.318,0.0885,0.0917,0.2477
1994-02-01,1.051,384.75,19545.0,672.7,5798.0,0.1523,326.1631,0.0797,0.0819,0.2424
1994-03-01,1.045,388.13,19643.0,673.2,5829.4,0.1518,329.2291,0.0961,0.0977,0.2558
1994-04-01,1.064,388.82,19647.0,728.3,5890.5,0.1596,326.7731,0.0685,0.08,0.2336
1994-05-01,1.08,389.51,19882.0,681.7,5911.1,0.1516,330.4588,0.0646,0.0659,0.2299
1994-06-01,1.106,390.2,19879.0,683.5,5917.5,0.1518,330.977,0.0412,0.0426,0.2008
1994-07-01,1.136,392.36,19937.0,691.4,5946.4,0.1525,332.5205,0.0184,0.0207,0.1725
1994-08-01,1.182,391.92,19984.0,695.4,5968.7,0.1527,332.059,-0.0226,-0.0201,0.1295
1994-09-01,1.177,392.96,20072.0,699.3,6001.5,0.1528,332.9352,-0.0158,-0.0133,0.1393
1994-10-01,1.152,393.99,20276.0,703.7,6065.3,0.1523,333.9969,0.0087,0.0107,0.1758
1994-11-01,1.163,395.03,20294.0,703.8,6075.4,0.1521,334.9454,0.002,0.0038,0.1658
1994-12-01,1.143,396.06,20381.0,708.7,6108.1,0.1523,335.7496,0.022,0.024,0.1912
1995-01-01,1.129,396.06,20469.0,721.1,6148.6,0.1535,335.274,0.0332,0.0367,0.2112
1995-02-01,1.12,396.63,20529.0,725.4,6173.3,0.1537,335.6701,0.0427,0.0466,0.2245
1995-03-01,1.115,397.32,20604.0,727.4,6200.3,0.1535,336.3261,0.0495,0.0531,0.2345
1995-04-01,1.14,395.35,20486.0,777.2,6223.9,0.1608,331.7936,0.0126,0.0249,0.2005
1995-05-01,1.2,396.38,20705.0,728.0,6238.3,0.1529,335.7655,-0.0265,-0.0238,0.1527
1995-06-01,1.226,398.91,20765.0,735.3,6267.4,0.1535,337.6703,-0.0417,-0.0384,0.1315
1995-07-01,1.195,400.28,20814.0,745.1,6296.3,0.1545,338.4392,-0.0146,-0.0101,0.1636
1995-08-01,1.164,400.97,20849.0,752.3,6319.0,0.1552,338.748,0.0125,0.018,0.1966
1995-09-01,1.148,402.34,20907.0,759.2,6347.7,0.1557,339.6936,0.0295,0.0358,0.2167
1995-10-01,1.127,401.85,20962.0,764.4,6373.5,0.156,339.1521,0.047,0.0538,0.2426
1995-11-01,1.101,404.05,20999.0,769.9,6394.0,0.1565,340.8245,0.077,0.0846,0.2742
1995-12-01,1.101,403.9,21049.0,775.7,6417.8,0.1569,340.5209,0.0761,0.0842,0.2772
1996-01-01,1.129,400.87,21107.0,791.8,6453.9,0.1581,337.4992,0.0401,0.0493,0.249
1996-02-01,1.124,407.14,21285.0,803.2,6517.8,0.1586,342.5646,0.0604,0.0705,0.2651
1996-03-01,1.162,407.83,21398.0,810.2,6560.4,0.1589,343.0408,0.0271,0.0372,0.2302
1996-04-01,1.251,409.03,21312.0,864.8,6597.3,0.1661,341.0727,-0.0514,-0.0337,0.1381
1996-05-01,1.323,410.91,21597.0,822.3,6637.3,0.1592,345.4768,-0.0915,-0.0821,0.0906
1996-06-01,1.299,413.83,21703.0,831.7,6681.3,0.1598,347.6971,-0.0687,-0.0585,0.1162
1996-07-01,1.272,413.32,21666.0,835.6,6681.6,0.1604,347.0393,-0.0508,-0.0397,0.1379
1996-08-01,1.24,415.9,21715.0,843.5,6709.4,0.161,348.9425,-0.0209,-0.0088,0.1699
1996-09-01,1.234,417.27,21802.0,851.6,6747.4,0.1615,349.8947,-0.0135,-0.0007,0.1803
1996-10-01,1.227,418.3,21840.0,856.0,6768.8,0.1617,350.6576,-0.0057,0.0075,0.1891
1996-11-01,1.25,419.68,21915.0,863.4,6802.4,0.1622,351.6279,-0.0213,-0.0078,0.1713
1996-12-01,1.26,421.06,21993.0,871.1,6836.6,0.1626,352.5856,-0.0264,-0.0124,0.1661
1997-01-01,1.261,421.55,22063.0,895.3,6884.8,0.1652,351.9239,-0.029,-0.012,0.1689
1997-02-01,1.255,423.46,22150.0,902.7,6920.9,0.1655,353.3596,-0.0204,-0.0028,0.1791
1997-03-01,1.235,426.08,22256.0,908.3,6960.8,0.1656,355.5226,0.0016,0.0196,0.2039
1997-04-01,1.231,427.46,22270.0,910.5,6972.8,0.1657,356.6368,0.008,0.0262,0.2086
1997-05-01,1.226,430.08,22335.0,915.6,7001.3,0.1659,358.7414,0.0181,0.0367,0.2171
1997-06-01,1.229,427.38,22412.0,922.7,7035.8,0.1662,356.3384,0.0088,0.0277,0.2183
1997-07-01,1.205,431.25,22486.0,931.5,7071.7,0.1668,359.3256,0.0375,0.0577,0.2466
1997-08-01,1.253,434.92,22595.0,942.1,7119.4,0.1674,362.1305,0.0055,0.0258,0.2047
1997-09-01,1.277,435.96,22683.0,949.8,7158.1,0.1677,362.8457,-0.0114,0.0089,0.1867
1997-10-01,1.242,438.04,22801.0,958.0,7205.1,0.168,364.4623,0.021,0.0423,0.2265
1997-11-01,1.213,438.5,22928.0,969.0,7257.0,0.1685,364.6073,0.0458,0.0684,0.2628
1997-12-01,1.177,441.15,23036.0,976.5,7300.0,0.1687,366.7088,0.084,0.1077,0.3075
1998-01-01,1.131,442.53,23231.0,986.7,7368.9,0.1687,367.8866,0.1317,0.1563,0.3722
1998-02-01,1.082,442.64,23351.0,996.4,7416.5,0.1691,367.7875,0.1826,0.209,0.4418
1998-03-01,1.041,442.73,23471.0,1005.3,7464.0,0.1694,367.7189,0.229,0.2569,0.5063
1998-04-01,1.052,444.45,23554.0,1014.0,7501.7,0.1699,368.9414,0.2202,0.2486,0.4958
1998-05-01,1.092,447.12,23662.0,1023.5,7547.0,0.1703,370.9658,0.1819,0.2101,0.4476
1998-06-01,1.094,446.86,23752.0,1029.5,7584.4,0.1704,370.6976,0.1789,0.2071,0.4504
1998-07-01,1.079,448.5,23826.0,1034.6,7616.9,0.1705,372.0192,0.1996,0.2284,0.4752
1998-08-01,1.052,450.92,23908.0,1044.0,7656.2,0.171,373.7969,0.2362,0.2667,0.5183
1998-09-01,1.033,450.98,23936.0,1051.0,7678.1,0.1715,373.6203,0.2584,0.2902,0.548
1998-10-01,1.042,453.33,23995.0,1058.8,7708.8,0.172,375.3642,0.2533,0.2857,0.5384
1998-11-01,1.028,453.05,24069.0,1069.0,7745.7,0.1726,374.8442,0.2686,0.3024,0.5642
1998-12-01,0.986,455.75,24115.0,1076.2,7771.8,0.1731,376.8756,0.3298,0.366,0.6339
1999-01-01,0.972,456.49,24263.0,1070.7,7813.1,0.1721,377.9254,0.3528,0.3879,0.6676
1999-02-01,0.955,458.85,24313.0,1079.5,7840.9,0.1727,379.5991,0.3829,0.4199,0.7008
1999-03-01,0.991,457.56,24332.0,1083.7,7855.9,0.173,378.4126,0.3285,0.3645,0.6403
1999-04-01,1.177,460.27,24347.0,1088.5,7871.1,0.1733,380.5022,0.1248,0.1557,0.3819
1999-05-01,1.178,460.31,24380.0,1095.5,7894.2,0.1738,380.3223,0.1233,0.1548,0.3826
1999-06-01,1.148,463.37,24445.0,1101.5,7925.1,0.174,382.7546,0.16,0.1929,0.4225
1999-07-01,1.189,464.74,24529.0,1111.3,7965.8,0.1745,383.6543,0.1226,0.1551,0.3782
1999-08-01,1.255,465.43,24650.0,1121.0,8016.9,0.1748,384.0808,0.0648,0.096,0.3122
1999-09-01,1.28,466.82,24680.0,1129.5,8041.2,0.1754,384.9436,0.0463,0.0778,0.2881
1999-10-01,1.274,469.22,24831.0,1141.3,8102.4,0.1758,386.7447,0.0562,0.0885,0.3021
1999-11-01,1.264,469.9,24992.0,1152.8,8165.3,0.1761,387.1594,0.0657,0.0987,0.3209
1999-12-01,1.298,471.28,25221.0,1167.8,8251.2,0.1764,388.1391,0.0404,0.073,0.2981
2000-01-01,1.301,472.66,25435.0,1198.6,8348.0,0.178,388.5434,0.0391,0.0737,0.3061
2000-02-01,1.369,474.72,25594.0,1209.1,8408.8,0.1782,390.1409,-0.0085,0.0248,0.249
2000-03-01,1.541,476.44,25751.0,1218.5,8468.3,0.1783,391.5088,-0.1161,-0.0863,0.1164
2000-04-01,1.506,477.82,25838.0,1226.5,8506.8,0.1785,392.5102,-0.0932,-0.0623,0.1462
2000-05-01,1.498,477.8,25945.0,1228.0,8544.5,0.1781,392.705,-0.0879,-0.0574,0.1571
2000-06-01,1.617,479.51,26083.0,1236.0,8597.8,0.1781,394.0922,-0.1521,-0.1236,0.0776
2000-07-01,1.593,480.89,26265.0,1245.5,8665.3,0.1781,395.2373,-0.1368,-0.1079,0.1015
2000-08-01,1.51,481.19,26402.0,1246.6,8712.2,0.1775,395.7829,-0.0881,-0.0582,0.1681
2000-09-01,1.582,484.66,26522.0,1251.1,8757.7,0.1773,398.7438,-0.1231,-0.0946,0.12
2000-10-01,1.559,484.61,26611.0,1253.8,8792.1,0.177,398.8198,-0.11,-0.0813,0.1403
2000-11-01,1.555,486.67,26637.0,1257.7,8809.9,0.1772,400.4429,-0.104,-0.0751,0.1444
2000-12-01,1.489,485.86,26712.0,1264.6,8844.0,0.1774,399.6693,-0.0661,-0.0357,0.1985
2001-01-01,1.472,488.72,26946.0,1289.2,8940.9,0.1785,401.4995,-0.051,-0.0188,0.2229
2001-02-01,1.484,488.24,27000.0,1303.4,8975.8,0.1794,400.6265,-0.0607,-0.0277,0.2155
2001-03-01,1.447,491.72,27064.0,1313.1,9009.4,0.18,403.2294,-0.0305,0.0043,0.2495
2001-04-01,1.564,490.96,27034.0,1315.1,9008.9,0.1802,402.4978,-0.1046,-0.0723,0.1548
2001-05-01,1.729,493.0,27034.0,1310.9,9011.1,0.1797,404.4076,-0.1862,-0.1573,0.0446
2001-06-01,1.64,494.36,27068.0,1300.6,9017.1,0.1785,406.1113,-0.1384,-0.1092,0.1026
2001-07-01,1.482,494.7,27439.0,1185.6,9014.6,0.1663,412.4297,-0.0318,-0.0135,0.2369
2001-08-01,1.427,494.94,27866.0,1043.2,9001.4,0.1513,420.0544,0.0241,0.025,0.3046
2001-09-01,1.531,494.16,27509.0,1112.1,8975.3,0.159,415.591,-0.0556,-0.0461,0.2004
2001-10-01,1.362,494.04,27094.0,1236.1,8987.3,0.1721,409.0252,0.0449,0.072,0.329
2001-11-01,1.263,497.54,27086.0,1230.1,8985.1,0.1715,412.2258,0.1356,0.1642,0.4327
2001-12-01,1.131,498.21,27087.0,1229.2,8990.7,0.1713,412.8695,0.2701,0.3018,0.6
2002-01-01,1.139,497.41,27660.0,1084.4,9015.6,0.1558,419.893,0.2826,0.2906,0.6224
2002-02-01,1.13,499.56,27732.0,1074.7,9031.9,0.1546,422.3268,0.3003,0.3065,0.6395
2002-03-01,1.241,502.4,27808.0,1066.3,9050.7,0.1535,425.2943,0.1923,0.1964,0.497
2002-04-01,1.407,503.08,27996.0,1055.3,9099.9,0.1517,426.761,0.0553,0.0567,0.3293
2002-05-01,1.421,504.43,28104.0,1049.0,9131.0,0.1507,428.4314,0.049,0.0491,0.3213
2002-06-01,1.404,506.13,28200.0,1048.6,9164.8,0.1502,430.1022,0.0658,0.0654,0.3418
2002-07-01,1.412,505.99,28166.0,1044.2,9157.5,0.1498,430.1722,0.06,0.059,0.3326
2002-08-01,1.423,509.18,28202.0,1044.5,9175.3,0.1497,432.9764,0.0586,0.0575,0.324
2002-09-01,1.422,510.2,28256.0,1043.6,9197.1,0.1493,434.0237,0.0619,0.0603,0.3275
2002-10-01,1.449,511.06,28359.0,1039.5,9229.6,0.1485,435.1691,0.0449,0.0423,0.3075
2002-11-01,1.448,512.07,28444.0,1038.3,9258.8,0.148,436.2673,0.0483,0.0451,0.3123
2002-12-01,1.394,513.76,28528.0,1037.5,9288.3,0.1476,437.9252,0.093,0.0892,0.3672
2003-01-01,1.473,512.58,28568.0,1022.1,9290.1,0.1458,437.8645,0.0342,0.0284,0.2957
2003-02-01,1.641,513.41,28572.0,1021.5,9296.2,0.1456,438.6409,-0.07,-0.0754,0.1632
2003-03-01,1.748,514.6,28686.0,1020.4,9333.8,0.1451,439.9344,-0.1244,-0.13,0.0963
2003-04-01,1.659,513.41,28766.0,1013.5,9356.4,0.1441,439.4106,-0.0785,-0.0854,0.1584
2003-05-01,1.542,516.62,28923.0,1019.6,9414.4,0.1441,442.1676,-0.0023,-0.0099,0.2531
2003-06-01,1.514,516.1,29007.0,1029.3,9455.3,0.1446,441.4464,0.0145,0.0074,0.28
2003-07-01,1.524,517.44,29417.0,939.4,9491.6,0.1352,447.5034,0.0216,0.0034,0.2895
2003-08-01,1.628,519.65,29694.0,898.6,9538.8,0.1306,451.7924,-0.0345,-0.0567,0.2185
2003-09-01,1.728,518.11,29423.0,1014.0,9582.5,0.1417,444.6783,-0.1047,-0.1139,0.1375
2003-10-01,1.603,519.65,29514.0,1018.3,9620.4,0.1418,445.985,-0.032,-0.042,0.23
2003-11-01,1.535,522.55,29707.0,1023.3,9688.2,0.1415,448.5866,0.0168,0.0061,0.2929
2003-12-01,1.494,519.79,29777.0,1022.4,9713.2,0.1412,446.3991,0.0396,0.0282,0.3315
2004-01-01,1.592,522.69,29857.0,1012.2,9731.8,0.1401,449.4561,-0.0177,-0.0297,0.2529
2004-02-01,1.672,524.91,29955.0,1011.5,9765.4,0.1397,451.5815,-0.0603,-0.0722,0.1969
2004-03-01,1.766,524.37,30102.0,1013.1,9815.8,0.1393,451.3025,-0.1109,-0.1225,0.1387
2004-04-01,1.833,525.38,30237.0,1016.7,9865.8,0.1392,452.2515,-0.1416,-0.1529,0.102
2004-05-01,2.009,528.29,30464.0,1028.1,9950.0,0.1395,454.6177,-0.2127,-0.2229,0.013
2004-06-01,2.041,526.51,30545.0,1035.5,9988.4,0.1398,452.9123,-0.2279,-0.2376,-0.0002
2004-07-01,1.939,530.32,30615.0,1052.0,10033.0,0.1409,455.5873,-0.1825,-0.1917,0.0548
2004-08-01,1.898,530.1,30698.0,1065.3,10078.2,0.1417,454.9662,-0.166,-0.1746,0.0805
2004-09-01,1.891,531.79,30745.0,1075.9,10110.5,0.1424,456.0539,-0.1609,-0.1689,0.0862
2004-10-01,2.029,534.38,30859.0,1083.6,10159.3,0.1427,458.1485,-0.2144,-0.2217,0.0161
2004-11-01,2.01,533.81,30853.0,1090.2,10171.5,0.1432,457.3929,-0.2083,-0.2151,0.0255
2004-12-01,1.882,536.07,31979.0,1101.0,10520.8,0.1407,460.632,-0.1484,-0.1582,0.1352
2005-01-01,1.823,535.83,30811.0,1164.8,10247.0,0.1496,455.6809,-0.1303,-0.1313,0.1291
2005-02-01,1.918,538.43,30884.0,1173.3,10282.7,0.15,457.6688,-0.1698,-0.1704,0.0757
2005-03-01,2.065,538.19,31066.0,1178.7,10347.9,0.1498,457.5666,-0.2291,-0.2298,0.005
2005-04-01,2.283,541.14,31229.0,1188.4,10412.1,0.15,459.9556,-0.299,-0.2995,-0.0862
2005-05-01,2.216,540.55,31357.0,1195.5,10464.1,0.1501,459.3964,-0.2787,-0.2791,-0.0547
2005-06-01,2.176,541.9,31414.0,1204.9,10498.0,0.1506,460.27,-0.2641,-0.264,-0.0355
2005-07-01,2.316,544.26,31553.0,1216.2,10558.3,0.151,462.0579,-0.3059,-0.3055,-0.0898
2005-08-01,2.506,544.93,31703.0,1224.7,10619.6,0.1512,462.5559,-0.3578,-0.3574,-0.1548
2005-09-01,2.927,547.22,31868.0,1235.5,10687.7,0.1514,464.3549,-0.448,-0.4475,-0.2726
2005-10-01,2.785,550.26,32069.0,1247.2,10767.3,0.1517,466.8121,-0.4168,-0.4161,-0.2307
2005-11-01,2.343,550.94,32178.0,1255.8,10815.4,0.1519,467.241,-0.3062,-0.3051,-0.0825
2005-12-01,2.186,552.97,32252.0,1264.3,10853.1,0.1523,468.761,-0.2539,-0.2524,-0.0143
2006-01-01,2.315,556.64,32712.0,1305.9,11038.6,0.1539,470.9836,-0.2922,-0.2894,-0.056
2006-02-01,2.31,557.02,32852.0,1321.4,11102.6,0.1546,470.9234,-0.2907,-0.2874,-0.0499
2006-03-01,2.401,559.05,33018.0,1334.1,11171.8,0.1549,472.4253,-0.3154,-0.3119,-0.0813
2006-04-01,2.757,563.76,33138.0,1348.9,11229.5,0.1556,476.0244,-0.3993,-0.3957,-0.197
2006-05-01,2.947,561.11,33180.0,1350.2,11251.1,0.1555,473.8488,-0.4406,-0.4373,-0.2478
2006-06-01,2.917,566.81,33276.0,1354.7,11292.8,0.1555,478.6866,-0.4291,-0.4257,-0.2379
2006-07-01,2.999,568.84,33347.0,1354.2,11322.1,0.1551,480.5946,-0.4424,-0.4394,-0.2572
2006-08-01,2.985,568.52,33394.0,1356.0,11346.8,0.155,480.3797,-0.4401,-0.4371,-0.2526
2006-09-01,2.589,570.21,33455.0,1365.7,11383.9,0.1555,481.5546,-0.3529,-0.3491,-0.1367
2006-10-01,2.272,573.93,33499.0,1377.9,11417.8,0.1562,484.3039,-0.2584,-0.2535,-0.015
2006-11-01,2.241,573.92,33619.0,1395.1,11479.3,0.157,483.8263,-0.2488,-0.2431,0.0022
2006-12-01,2.334,578.0,33874.0,1419.4,11587.6,0.1579,486.7327,-0.2744,-0.2681,-0.0304
2007-01-01,2.274,577.64,33956.0,1446.8,11647.1,0.1594,485.5499,-0.2571,-0.2493,-0.0024
2007-02-01,2.285,578.29,34150.0,1468.4,11734.2,0.1603,485.5863,-0.2606,-0.2521,-0.0016
2007-03-01,2.592,583.76,34362.0,1484.5,11821.4,0.1607,489.9336,-0.3424,-0.3344,-0.1144
2007-04-01,2.86,583.73,34468.0,1491.6,11868.1,0.1608,489.8501,-0.4041,-0.3968,-0.1949
2007-05-01,3.13,586.09,34562.0,1496.0,11908.7,0.1608,491.8637,-0.4533,-0.4466,-0.2623
2007-06-01,3.052,590.2,34587.0,1500.2,11929.2,0.1609,495.2358,-0.4354,-0.4285,-0.2429
2007-07-01,2.961,590.15,34648.0,1499.4,11955.7,0.1606,495.3896,-0.4179,-0.411,-0.2183
2007-08-01,2.782,591.5,34653.0,1495.7,11963.1,0.1602,496.7425,-0.3788,-0.3716,-0.1678
2007-09-01,2.789,593.19,34809.0,1501.4,12025.5,0.16,498.2612,-0.3784,-0.3714,-0.1662
2007-10-01,2.793,594.2,34859.0,1499.0,12046.8,0.1596,499.3491,-0.378,-0.3713,-0.1662
2007-11-01,3.069,595.89,34986.0,1508.0,12102.8,0.1598,500.6733,-0.4324,-0.4262,-0.2384
2007-12-01,3.02,597.58,35187.0,1519.0,12182.7,0.1599,502.0441,-0.4216,-0.4152,-0.2216
2008-01-01,3.047,597.84,35299.0,1522.3,12227.8,0.1595,502.5059,-0.4262,-0.4201,-0.2261
2008-02-01,3.033,599.86,35358.0,1533.9,12264.9,0.16,503.876,-0.422,-0.4155,-0.2212
2008-03-01,3.258,604.01,35447.0,1549.3,12314.7,0.1607,506.93,-0.4586,-0.4521,-0.2731
2008-04-01,3.441,603.9,35355.0,1557.2,12302.6,0.1615,506.3937,-0.488,-0.4813,-0.3136
2008-05-01,3.764,605.93,37226.0,1556.8,12879.3,0.156,511.411,-0.5273,-0.5243,-0.3393
2008-06-01,4.065,607.95,36523.0,1543.4,12661.0,0.157,512.5172,-0.5613,-0.558,-0.3998
2008-07-01,4.09,608.16,36107.0,1515.1,12514.8,0.1562,513.1831,-0.5635,-0.5606,-0.4102
2008-08-01,3.786,612.67,35846.0,1496.5,12426.0,0.1556,517.3603,-0.5246,-0.5218,-0.3675
2008-09-01,3.698,609.7,35929.0,1480.9,12445.0,0.1542,515.6937,-0.5148,-0.5127,-0.3509
2008-10-01,3.173,613.2,35932.0,1472.8,12446.5,0.1535,519.0456,-0.4309,-0.4289,-0.2435
2008-11-01,2.151,611.55,35788.0,1449.6,12387.1,0.1523,518.4155,-0.1615,-0.1598,0.1115
2008-12-01,1.689,612.39,35400.0,1412.3,12238.5,0.1507,520.084,0.0713,0.0715,0.4002
2009-01-01,1.787,610.55,35589.0,1234.1,12125.6,0.1379,526.33,0.0247,0.0097,0.3305
2009-02-01,1.928,614.05,35285.0,1202.0,12007.4,0.1363,530.3323,-0.043,-0.0588,0.2226
2009-03-01,1.949,612.02,35225.0,1171.0,11965.3,0.1342,529.894,-0.0541,-0.072,0.2074
2009-04-01,2.056,613.01,35474.0,1131.5,12009.4,0.1307,532.8976,-0.0982,-0.1189,0.1527
2009-05-01,2.265,611.49,36004.0,1131.2,12179.6,0.1294,532.3634,-0.1822,-0.2021,0.0619
2009-06-01,2.631,612.48,35535.0,1130.6,12042.9,0.1304,532.6349,-0.2956,-0.312,-0.0977
2009-07-01,2.543,615.33,35354.0,1133.5,11998.4,0.1309,534.765,-0.2684,-0.2849,-0.0712
2009-08-01,2.627,617.98,35358.0,1136.0,12011.2,0.131,537.0043,-0.2888,-0.3048,-0.1008
2009-09-01,2.574,618.97,35490.0,1136.4,12061.1,0.1307,538.0773,-0.2727,-0.2893,-0.0789
2009-10-01,2.561,620.29,35487.0,1136.8,12069.4,0.1307,539.2436,-0.2674,-0.2842,-0.0743
2009-11-01,2.66,624.16,35642.0,1141.7,12129.6,0.1306,542.646,-0.2902,-0.3065,-0.1048
2009-12-01,2.621,625.49,35801.0,1143.7,12188.2,0.1303,543.9755,-0.2779,-0.2947,-0.0875
2010-01-01,2.731,628.7,35871.0,1194.1,12267.7,0.1329,545.1561,-0.3055,-0.3197,-0.1225
2010-02-01,2.659,625.92,35865.0,1188.6,12267.6,0.1325,543.0146,-0.2895,-0.3043,-0.0989
2010-03-01,2.78,630.04,36035.0,1192.7,12330.9,0.1323,546.6887,-0.3158,-0.3302,-0.134
2010-04-01,2.858,633.26,36344.0,1201.1,12441.8,0.1321,549.5965,-0.3309,-0.3452,-0.1505
2010-05-01,2.869,634.93,36604.0,1215.3,12543.7,0.1324,550.8337,-0.332,-0.346,-0.1477
2010-06-01,2.736,633.7,36576.0,1223.4,12550.7,0.133,549.4067,-0.3014,-0.3155,-0.1069
2010-07-01,2.736,635.94,36610.0,1242.8,12588.7,0.1342,550.587,-0.2998,-0.3131,-0.1061
2010-08-01,2.745,640.19,36741.0,1257.8,12652.9,0.1349,553.8456,-0.298,-0.3108,-0.1058
2010-09-01,2.704,640.19,36745.0,1268.4,12673.4,0.1355,553.4301,-0.2879,-0.3003,-0.0922
2010-10-01,2.795,645.46,36843.0,1279.8,12723.6,0.136,557.6752,-0.3058,-0.3175,-0.1194
2010-11-01,2.852,643.54,36928.0,1287.4,12765.5,0.1363,555.8524,-0.3219,-0.3331,-0.135
2010-12-01,2.985,644.21,37210.0,1300.2,12873.1,0.1364,556.3374,-0.3516,-0.3622,-0.1672
2011-01-01,3.091,645.62,37475.0,1418.4,13080.7,0.136,557.8451,-0.3721,-0.3827,-0.19
2011-02-01,3.167,646.89,37666.0,1427.4,13155.6,0.136,558.9006,-0.386,-0.3963,-0.2055
2011-03-01,3.546,646.55,37696.0,1433.9,13178.2,0.1363,558.4144,-0.4521,-0.4611,-0.2898
2011-04-01,3.816,650.5,37769.0,1438.6,13212.8,0.1364,561.7813,-0.4878,-0.4962,-0.3388
2011-05-01,3.933,652.18,37813.0,1444.0,13239.1,0.1366,563.1111,-0.5019,-0.5099,-0.3577
2011-06-01,3.702,652.18,37933.0,1455.1,13295.7,0.1369,562.8769,-0.471,-0.4794,-0.3155
2011-07-01,3.654,656.48,38115.0,1469.6,13375.8,0.1373,566.3154,-0.4608,-0.469,-0.3031
2011-08-01,3.63,652.25,38159.0,1471.7,13400.3,0.1373,562.6943,-0.4607,-0.469,-0.2977
2011-09-01,3.612,654.86,38130.0,1472.9,13401.5,0.1374,564.8953,-0.4559,-0.4642,-0.2948
2011-10-01,3.468,659.17,38135.0,1468.0,13406.4,0.137,568.8724,-0.4293,-0.4383,-0.2654
2011-11-01,3.423,657.22,38161.0,1465.3,13419.7,0.1367,567.3868,-0.4233,-0.4326,-0.2552
2011-12-01,3.278,659.51,38505.0,1479.4,13548.9,0.1367,569.3641,-0.3957,-0.4054,-0.2153
2012-01-01,3.399,662.14,38821.0,1456.0,13631.6,0.134,573.4027,-0.4131,-0.4243,-0.237
2012-02-01,3.572,659.85,39072.0,1469.9,13731.1,0.1342,571.2672,-0.4436,-0.4541,-0.2692
2012-03-01,3.868,661.87,39235.0,1479.0,13798.5,0.1344,572.9283,-0.4847,-0.4943,-0.3224
2012-04-01,3.927,663.22,39414.0,1485.3,13868.1,0.1343,574.1507,-0.4913,-0.5009,-0.3295
2012-05-01,3.792,661.25,39333.0,1485.2,13850.3,0.1344,572.3616,-0.4748,-0.4847,-0.307
2012-06-01,3.552,664.23,39242.0,1492.6,13837.1,0.135,574.5308,-0.4372,-0.4473,-0.2619
2012-07-01,3.451,665.58,38937.0,1495.8,13752.9,0.1359,575.1222,-0.4202,-0.43,-0.2462
2012-08-01,3.707,663.26,38924.0,1506.4,13768.5,0.1365,572.7016,-0.4625,-0.4712,-0.2985
2012-09-01,3.856,666.92,39288.0,1527.8,13914.1,0.1369,575.6077,-0.4806,-0.4889,-0.3193
2012-10-01,3.786,664.94,39646.0,1541.6,14049.2,0.1368,573.9463,-0.4726,-0.481,-0.3004
2012-11-01,3.488,666.62,40116.0,1566.3,14230.7,0.1372,575.1791,-0.4263,-0.4352,-0.2316
2012-12-01,3.331,672.62,41070.0,1608.2,14581.4,0.1374,580.2085,-0.394,-0.4032,-0.1763
2013-01-01,3.351,669.65,38724.0,1642.0,13880.4,0.1531,567.1338,-0.4112,-0.4094,-0.228
2013-02-01,3.693,673.66,38748.0,1650.3,13902.0,0.1535,570.2625,-0.4627,-0.4609,-0.299
2013-03-01,3.735,676.34,38792.0,1660.2,13932.2,0.1539,572.2367,-0.467,-0.4648,-0.3061
2013-04-01,3.59,673.34,38855.0,1676.0,13974.9,0.1547,569.2027,-0.4484,-0.4457,-0.2769
2013-05-01,3.623,675.69,39043.0,1686.6,14052.5,0.1547,571.1295,-0.4515,-0.4488,-0.2801
2013-06-01,3.633,678.38,39108.0,1689.0,14083.9,0.1547,573.4666,-0.4508,-0.4482,-0.2809
2013-07-01,3.628,674.69,39088.0,1675.0,14072.0,0.1538,570.9263,-0.4525,-0.4504,-0.2802
2013-08-01,3.6,677.71,39200.0,1675.3,14117.3,0.1534,573.7166,-0.4455,-0.4437,-0.2726
2013-09-01,3.556,681.75,39363.0,1678.7,14181.7,0.1532,577.3326,-0.4351,-0.4334,-0.2605
2013-10-01,3.375,680.4,39226.0,1683.7,14152.3,0.1537,575.7977,-0.4064,-0.4042,-0.2235
2013-11-01,3.251,682.42,39332.0,1699.0,14209.6,0.1543,577.1159,-0.3824,-0.3796,-0.1917
2013-12-01,3.277,683.42,39437.0,1714.6,14266.5,0.1549,577.5568,-0.3868,-0.3837,-0.196
2014-01-01,3.32,683.07,39679.0,1733.0,14369.2,0.1553,576.993,-0.3953,-0.392,-0.2016
2014-02-01,3.364,685.03,39883.0,1747.9,14456.4,0.1556,578.4492,-0.4017,-0.3982,-0.208
2014-03-01,3.532,690.85,40143.0,1756.5,14555.0,0.1554,583.5151,-0.4252,-0.4219,-0.2407
2014-04-01,3.659,691.19,40342.0,1754.5,14624.5,0.1547,584.2738,-0.4444,-0.4417,-0.2634
2014-05-01,3.691,691.86,40513.0,1756.9,14689.5,0.1543,585.0844,-0.4485,-0.446,-0.2667
2014-06-01,3.695,694.22,40675.0,1767.1,14760.1,0.1544,587.0008,-0.4473,-0.4448,-0.2646
2014-07-01,3.633,694.56,40783.0,1783.9,14821.1,0.1551,586.8608,-0.438,-0.435,-0.2501
2014-08-01,3.481,696.24,40926.0,1801.1,14894.2,0.1556,587.9031,-0.4124,-0.4089,-0.2146
2014-09-01,3.403,696.24,41032.0,1814.3,14951.2,0.156,587.621,-0.3992,-0.3954,-0.1945
2014-10-01,3.182,697.59,41185.0,1826.8,15022.7,0.1563,588.5898,-0.3564,-0.3521,-0.1353
2014-11-01,2.887,702.03,41342.0,1839.0,15094.0,0.1565,592.1784,-0.2863,-0.2814,-0.0433
2014-12-01,2.56,700.0,41531.0,1847.2,15170.9,0.1564,590.5178,-0.1974,-0.1919,0.0838
2015-01-01,2.11,700.96,41545.0,1895.1,15230.8,0.159,589.535,-0.0279,-0.0182,0.3154
2015-02-01,2.249,704.39,41748.0,1905.3,15313.3,0.159,592.4227,-0.0835,-0.0744,0.2401
2015-03-01,2.483,704.67,41693.0,1916.4,15314.2,0.1596,592.1725,-0.1702,-0.1613,0.1218
2015-04-01,2.485,702.91,41797.0,1934.0,15373.5,0.1603,590.2464,-0.1736,-0.1641,0.1237
2015-05-01,2.775,704.93,41943.0,1947.9,15442.7,0.1606,591.7149,-0.2581,-0.2493,0.0098
2015-06-01,2.832,705.6,42022.0,1949.8,15479.0,0.1604,592.3946,-0.2722,-0.2637,-0.0087
2015-07-01,2.832,708.71,42126.0,1946.1,15518.6,0.1599,595.3867,-0.2685,-0.2604,-0.0063
2015-08-01,2.679,713.52,42189.0,1947.7,15550.5,0.1598,599.5334,-0.2214,-0.2129,0.0521
2015-09-01,2.394,710.73,42209.0,1951.0,15570.5,0.1598,597.1543,-0.1322,-0.1226,0.1779
2015-10-01,2.289,714.1,42253.0,1964.5,15608.0,0.1603,599.5989,-0.0886,-0.078,0.2332
2015-11-01,2.185,714.78,42241.0,1966.8,15615.4,0.1604,600.1097,-0.0444,-0.0332,0.2915
2015-12-01,2.06,717.57,42380.0,1966.2,15668.4,0.16,602.7722,0.018,0.0294,0.3744
2016-01-01,1.967,718.15,42556.0,1928.2,15695.5,0.1577,604.8776,0.0699,0.079,0.4454
2016-02-01,1.767,716.69,42553.0,1922.1,15695.9,0.1574,603.9175,0.1891,0.1987,0.6088
2016-03-01,1.958,718.7,42628.0,1925.6,15731.6,0.1573,605.6494,0.0762,0.0848,0.4545
2016-04-01,2.134,721.06,42654.0,1936.3,15758.9,0.1577,607.3149,-0.0098,-0.0014,0.3353
2016-05-01,2.264,721.73,42666.0,1942.4,15777.2,0.158,607.71,-0.0661,-0.0579,0.259
2016-06-01,2.363,723.07,42740.0,1953.2,15821.4,0.1583,608.6032,-0.1039,-0.0957,0.2083
2016-07-01,2.225,725.09,42885.0,1966.7,15891.5,0.1586,610.0911,-0.046,-0.0369,0.2876
2016-08-01,2.155,723.6,42965.0,1970.7,15931.3,0.1585,608.8778,-0.017,-0.0077,0.3319
2016-09-01,2.208,726.43,43115.0,1980.1,15999.1,0.1586,611.2149,-0.0369,-0.0277,0.3045
2016-10-01,2.243,729.46,43255.0,1985.8,16059.4,0.1585,613.8413,-0.0478,-0.0389,0.2883
2016-11-01,2.187,729.46,43359.0,1991.4,16107.6,0.1585,613.8569,-0.0234,-0.0143,0.3245
2016-12-01,2.23,728.96,43532.0,2002.4,16182.5,0.1586,613.3609,-0.043,-0.0339,0.3041
2017-01-01,2.351,733.15,43861.0,1999.1,16293.3,0.1578,617.4689,-0.0862,-0.0784,0.2464
2017-02-01,2.299,734.16,44031.0,2007.1,16363.5,0.1578,618.3459,-0.0642,-0.0563,0.2795
2017-03-01,2.323,732.98,44170.0,2006.6,16415.1,0.1574,617.6448,-0.0749,-0.0675,0.2703
2017-04-01,2.418,739.38,44332.0,2007.2,16476.0,0.157,623.3326,-0.1031,-0.0963,0.2248
2017-05-01,2.386,738.19,44599.0,2009.6,16573.2,0.1564,622.7331,-0.0919,-0.0857,0.2487
2017-06-01,2.337,742.07,44634.0,2020.1,16604.0,0.1568,625.716,-0.0685,-0.0616,0.2759
2017-07-01,2.281,743.76,44750.0,2035.2,16665.9,0.1572,626.8167,-0.0439,-0.0364,0.3106
2017-08-01,2.374,742.56,44879.0,2052.2,16733.7,0.1577,625.4339,-0.0834,-0.0756,0.2629
2017-09-01,2.63,745.25,45103.0,2077.8,16841.9,0.1584,627.1758,-0.1703,-0.1626,0.1457
2017-10-01,2.484,747.47,45267.0,2104.5,16930.8,0.1593,628.3773,-0.1199,-0.1107,0.2174
2017-11-01,2.548,751.04,45378.0,2127.3,16997.5,0.1601,630.7631,-0.1387,-0.1289,0.1898
2017-12-01,2.459,751.17,45505.0,2139.4,17058.2,0.1604,630.6819,-0.1077,-0.0972,0.2363
2018-01-01,2.539,751.3,45933.0,2077.1,17141.7,0.1566,633.6253,-0.1317,-0.1255,0.2086
2018-02-01,2.575,757.46,46122.0,2072.1,17204.1,0.1559,639.3512,-0.1361,-0.1307,0.1966
2018-03-01,2.572,757.91,46318.0,2065.6,17268.2,0.1551,640.33,-0.1338,-0.1291,0.2031
2018-04-01,2.737,762.19,46509.0,2057.0,17328.7,0.1543,644.6145,-0.1806,-0.177,0.1352
2018-05-01,2.907,761.62,46724.0,2054.6,17404.4,0.1536,644.6106,-0.2285,-0.2257,0.0738
2018-06-01,2.914,765.91,46931.0,2062.7,17488.4,0.1535,648.3179,-0.2259,-0.2232,0.0759
2018-07-01,2.873,767.26,47159.0,2078.7,17587.6,0.1538,649.2806,-0.2137,-0.2108,0.0966
2018-08-01,2.862,767.69,47334.0,2089.2,17664.0,0.1538,649.5831,-0.2103,-0.2073,0.1049
2018-09-01,2.873,770.38,47402.0,2087.9,17693.5,0.1536,652.0594,-0.2104,-0.2075,0.1022
2018-10-01,2.887,771.39,47575.0,2079.6,17749.8,0.1528,653.5375,-0.2124,-0.2104,0.1009
2018-11-01,2.671,775.1,47698.0,2078.0,17795.7,0.1524,656.9724,-0.1442,-0.1424,0.193
2018-12-01,2.414,778.81,48307.0,2087.4,18012.4,0.1516,660.7768,-0.0476,-0.0465,0.3369
2019-01-01,2.289,781.79,48359.0,2131.4,18078.6,0.1536,661.7234,0.0058,0.0094,0.4114
2019-02-01,2.353,779.18,48509.0,2151.7,18152.9,0.1542,659.0389,-0.0255,-0.0214,0.3773
2019-03-01,2.564,784.87,48620.0,2183.0,18226.6,0.1554,662.9192,-0.1005,-0.0953,0.2668
2019-04-01,2.835,783.89,48638.0,2211.2,18266.8,0.1566,661.1286,-0.1886,-0.1828,0.1461
2019-05-01,2.901,786.24,48648.0,2221.4,18286.9,0.157,662.7901,-0.2051,-0.199,0.1203
2019-06-01,2.752,791.28,48741.0,2220.6,18324.3,0.1567,667.2602,-0.1564,-0.1503,0.1832
2019-07-01,2.776,788.26,48842.0,2197.4,18342.4,0.1554,665.7606,-0.1656,-0.1608,0.1754
2019-08-01,2.655,793.3,49099.0,2193.9,18432.4,0.1547,670.6072,-0.1212,-0.117,0.2355
2019-09-01,2.63,795.65,49207.0,2194.6,18477.3,0.1544,672.7856,-0.11,-0.1059,0.2499
2019-10-01,2.673,798.0,49334.0,2213.5,18546.3,0.155,674.3308,-0.1223,-0.1177,0.233
2019-11-01,2.62,798.31,49516.0,2229.3,18629.5,0.1553,674.3514,-0.1045,-0.0995,0.2626
2019-12-01,2.587,801.36,49369.0,2235.9,18594.0,0.1558,676.4792,-0.0902,-0.0845,0.2749
2020-01-01,2.567,803.38,49941.0,2255.5,18808.1,0.154,679.6604,-0.0788,-0.0751,0.2997
2020-02-01,2.465,807.41,50148.0,2279.1,18904.6,0.1546,682.576,-0.0366,-0.032,0.3591
2020-03-01,2.267,808.02,49358.0,2221.0,18591.4,0.1536,683.9415,0.0497,0.0534,0.4545
2020-04-01,1.876,842.19,56377.0,2048.8,20752.1,0.1336,729.6523,0.3532,0.3267,1.0076
2020-05-01,1.879,851.82,53596.0,2112.5,19893.3,0.1408,731.8835,0.3552,0.3398,0.9056
2020-06-01,2.076,842.52,53570.0,2175.0,19949.4,0.1435,721.5975,0.2093,0.1994,0.7239
2020-07-01,2.176,839.46,54200.0,2212.5,20199.6,0.144,718.5683,0.1489,0.1401,0.664
2020-08-01,2.177,845.68,52253.0,2252.8,19597.4,0.1492,719.4847,0.1499,0.148,0.6035
2020-09-01,2.193,846.36,52623.0,2286.4,19758.2,0.15,719.4408,0.1414,0.1406,0.6031
2020-10-01,2.159,849.53,52467.0,2339.6,19763.6,0.1525,719.963,0.1602,0.1629,0.6235
2020-11-01,2.09,855.44,51905.0,2381.4,19620.7,0.1554,722.5108,0.2028,0.2096,0.6591
2020-12-01,2.168,860.47,52174.0,2414.0,19741.5,0.1563,726.0076,0.1651,0.173,0.6077
2021-01-01,2.326,865.5,58138.0,2521.2,21826.4,0.1492,736.3612,0.1014,0.0997,0.6698
2021-02-01,2.496,858.5,53502.0,2540.2,20304.7,0.1584,722.4842,0.0071,0.0165,0.432
2021-03-01,2.791,871.35,66074.0,2580.0,24521.6,0.1393,749.9698,-0.0651,-0.0773,0.5816
2021-04-01,2.839,877.89,56345.0,2635.3,21349.7,0.1568,740.2116,-0.0929,-0.0861,0.3259
2021-05-01,2.972,883.39,55011.0,2675.0,20950.3,0.1609,741.2392,-0.1323,-0.1216,0.2366
2021-06-01,3.154,885.63,55049.0,2705.9,20998.7,0.162,742.1159,-0.1814,-0.1702,0.166
2021-07-01,3.233,890.77,55696.0,2727.7,21244.1,0.1616,746.8191,-0.1963,-0.1857,0.1509
2021-08-01,3.255,893.3,55829.0,2744.0,21315.0,0.1619,748.6502,-0.1998,-0.1889,0.1458
2021-09-01,3.265,899.46,55393.0,2768.2,21202.9,0.1637,752.2363,-0.1984,-0.1859,0.1334
2021-10-01,3.385,904.59,55760.0,2804.9,21370.4,0.1643,755.9228,-0.223,-0.2102,0.1005
2021-11-01,3.482,908.35,55943.0,2839.5,21474.7,0.1653,758.214,-0.2424,-0.229,0.0733
2021-12-01,3.408,915.19,55979.0,2874.7,21529.8,0.1665,762.7821,-0.2213,-0.2064,0.0973
2022-01-01,3.413,912.25,54869.0,3228.2,21518.7,0.1846,743.8478,-0.2417,-0.2101,0.074
2022-02-01,3.592,922.37,55163.0,3263.7,21657.5,0.1853,751.5,-0.2721,-0.2411,0.026
2022-03-01,4.312,924.11,55354.0,3291.3,21757.2,0.1858,752.4052,-0.3929,-0.3666,-0.1424
2022-04-01,4.271,930.25,55475.0,3308.5,21824.6,0.1861,757.118,-0.3832,-0.3563,-0.1323
2022-05-01,4.604,934.34,55711.0,3303.3,21908.4,0.1853,761.1793,-0.4248,-0.4002,-0.1916
2022-06-01,5.058,935.68,56070.0,3273.5,22009.3,0.1834,764.1067,-0.4744,-0.4533,-0.2594
2022-07-01,4.667,943.21,56740.0,3239.8,22211.8,0.1806,772.8557,-0.4238,-0.4027,-0.1878
2022-08-01,4.101,940.73,57197.0,3212.6,22352.4,0.1786,772.7498,-0.3444,-0.3221,-0.0682
2022-09-01,3.881,947.58,57560.0,3208.2,22484.1,0.1776,779.3198,-0.3014,-0.2784,-0.0092
2022-10-01,4.016,951.66,57979.0,3205.7,22635.7,0.1765,783.6486,-0.3211,-0.2997,-0.0355
2022-11-01,3.853,952.93,58206.0,3194.7,22714.2,0.1756,785.5845,-0.2906,-0.2691,0.0092
2022-12-01,3.356,953.84,58522.0,3174.8,22813.0,0.1742,787.6903,-0.1834,-0.16,0.165
2023-01-01,3.452,965.37,59904.0,2841.7,22955.8,0.1588,812.0392,-0.1816,-0.1735,0.1593
2023-02-01,3.514,963.44,60359.0,2822.3,23101.4,0.1573,811.9141,-0.1961,-0.1897,0.1475
2023-03-01,3.551,965.33,60787.0,2808.5,23244.5,0.156,814.754,-0.2017,-0.1966,0.1436
2023-04-01,3.735,970.06,61114.0,2805.9,23365.1,0.1553,819.4306,-0.2367,-0.2324,0.0931
2023-05-01,3.685,972.76,61434.0,2806.7,23487.5,0.1547,822.264,-0.2237,-0.2199,0.1138
2023-06-01,3.712,976.48,61678.0,2815.8,23593.5,0.1546,825.5502,-0.2262,-0.2226,0.11
2023-07-01,3.732,980.54,61884.0,2829.8,23693.6,0.1546,828.9011,-0.2272,-0.2235,0.1078
2023-08-01,3.955,982.23,62175.0,2840.0,23820.6,0.1544,830.5264,-0.2694,-0.266,0.0502
2023-09-01,3.988,986.28,62433.0,2848.3,23934.3,0.1542,834.1588,-0.2723,-0.2691,0.0459
2023-10-01,3.782,988.99,62698.0,2850.9,24044.2,0.1538,836.8646,-0.2301,-0.2272,0.1075
2023-11-01,3.5,992.71,63008.0,2862.8,24177.9,0.1537,840.1682,-0.1648,-0.1618,0.2027
2023-12-01,3.289,993.14,63256.0,2874.2,24289.6,0.1536,840.6038,-0.1108,-0.1076,0.2849
2024-01-01,3.221,994.9,63769.0,2875.2,24479.2,0.1529,842.824,-0.0896,-0.0872,0.3226
2024-02-01,3.359,1002.51,63940.0,2896.4,24573.9,0.1532,848.8762,-0.1207,-0.118,0.2717
2024-03-01,3.581,1006.56,64208.0,2915.8,24700.8,0.1534,852.1317,-0.1721,-0.1693,0.1979
2024-04-01,3.776,1005.95,64434.0,2928.2,24807.1,0.1534,851.6211,-0.2153,-0.2127,0.14
2024-05-01,3.755,1009.99,64690.0,2954.3,24937.7,0.1538,854.6259,-0.2081,-0.2051,0.1509
2024-06-01,3.601,1016.37,64887.0,2974.5,25042.9,0.1541,859.7231,-0.1694,-0.1659,0.2038
2024-07-01,3.622,1016.39,64921.0,3003.3,25098.2,0.155,858.8758,-0.175,-0.1707,0.1974
2024-08-01,3.521,1020.1,64996.0,3033.6,25165.5,0.1558,861.1452,-0.1491,-0.1438,0.2332
2024-09-01,3.344,1024.14,65133.0,3059.2,25249.1,0.1564,863.9513,-0.1011,-0.0949,0.3012
2024-10-01,3.279,1027.18,65420.0,3083.2,25381.9,0.1567,866.2086,-0.0809,-0.0742,0.3329
2024-11-01,3.181,1029.87,65636.0,3112.5,25495.1,0.1573,867.8741,-0.0508,-0.0432,0.3785
2024-12-01,3.145,1033.24,65809.0,3139.0,25589.5,0.1579,870.1336,-0.0374,-0.0291,0.3979
2025-01-01,3.211,1034.54,65986.0,3221.5,25740.5,0.16,869.0189,-0.0584,-0.0478,0.3729
2025-02-01,3.261,1037.9,66154.0,3251.3,25834.8,0.1607,871.1471,-0.0706,-0.0594,0.3553
2025-03-01,3.232,1045.37,66610.0,3283.4,26030.4,0.1609,877.1283,-0.0558,-0.0441,0.3768
2025-04-01,3.33,1047.73,67171.0,3300.5,26248.4,0.1606,879.507,-0.0811,-0.0702,0.3476
2025-05-01,3.306,1048.32,66835.0,3321.1,26164.3,0.1617,878.803,-0.0752,-0.0629,0.3506
2025-06-01,3.306,1052.02,67036.0,3334.5,26256.9,0.1618,881.8413,-0.072,-0.0596,0.3546
2025-07-01,3.285,1057.84,67310.0,3358.1,26383.1,0.162,886.4283,-0.0612,-0.0483,0.3689
2025-08-01,3.295,1061.21,67571.0,3373.8,26495.1,0.1621,889.1967,-0.0611,-0.0482,0.37
2025-09-01,3.339,1063.57,67819.0,3392.1,26604.9,0.1622,891.0084,-0.0716,-0.0586,0.3569
2025-10-01,3.239,1068.29,67811.0,3411.5,26627.7,0.1628,894.3272,-0.0393,-0.0253,0.3986
2025-11-01,3.228,1074.5,68056.0,3426.4,26731.4,0.1629,899.4637,-0.0305,-0.0163,0.4085
2025-12-01,3.05,1072.67,68289.0,3424.9,26813.6,0.1625,898.3941,0.0248,0.0394,0.4958
2026-01-01,2.961,1079.57,68916.0,3367.1,26973.5,0.1597,907.1792,0.0659,0.0775,0.5549
2026-02-01,3.065,1082.95,69005.0,3370.2,27009.9,0.1596,910.075,0.0331,0.0442,0.5041
2026-03-01,3.843,1085.66,69492.0,3378.2,27188.1,0.1591,912.8982,-0.1735,-0.1651,0.208
2026-04-01,4.263,1089.37,69519.0,3396.7,27219.3,0.1596,915.4559,-0.2529,-0.2448,0.0894
2026-05-01,4.651,1092.08,70041.0,3410.7,27417.1,0.1593,918.1419,-0.3132,-0.3061,0.0061
2026-06-01,4.195,1094.44,70205.0,3411.6,27479.3,0.159,920.3875,-0.2367,-0.229,0.118
2026-07-01,4.094,1095.8,70440.0,3405.7,27560.3,0.1585,922.1403,-0.2163,-0.209,0.1494
2026-08-01,4.2,1099.51,70620.0,3403.8,27626.9,0.1581,925.6495,-0.2332,-0.2263,0.1233
